{
  "code": "PHEZ",
  "turbines": {
    "WTG01": {
      "2026-02": {
        "contractualAvailability": 1.0,
        "production": 1343809.35,
        "technicalAvailability": 0.9834455667789002
      },
      "2026-03": {
        "contractualAvailability": 1.0,
        "production": 1131551.705,
        "technicalAvailability": 0.996734693877551
      },
      "2026-04": {
        "contractualAvailability": 1.0,
        "production": 784193.463,
        "technicalAvailability": 1.0
      },
      "2026-05": {
        "contractualAvailability": 1.0,
        "production": 0.0,
        "technicalAvailability": null
      },
      "2026-06": {
        "contractualAvailability": 1.0,
        "production": 99247.479,
        "technicalAvailability": 0.968776837551907
      }
    },
    "WTG02": {
      "2026-02": {
        "contractualAvailability": 1.0,
        "production": 1281612.956,
        "technicalAvailability": 0.9904601571268238
      },
      "2026-03": {
        "contractualAvailability": 1.0,
        "production": 1059818.2010000001,
        "technicalAvailability": 0.9839193240665032
      },
      "2026-04": {
        "contractualAvailability": 1.0,
        "production": 702275.136,
        "technicalAvailability": 0.9842373667130273
      },
      "2026-05": {
        "contractualAvailability": 1.0,
        "production": 0.0,
        "technicalAvailability": 1.0
      },
      "2026-06": {
        "contractualAvailability": 1.0,
        "production": 97179.155,
        "technicalAvailability": 0.9684910973180314
      }
    },
    "WTG03": {
      "2026-02": {
        "contractualAvailability": 1.0,
        "production": 1212084.8449999997,
        "technicalAvailability": 0.9865319865319865
      },
      "2026-03": {
        "contractualAvailability": 1.0,
        "production": 1053834.437,
        "technicalAvailability": 0.9945784765519111
      },
      "2026-04": {
        "contractualAvailability": 1.0,
        "production": 698651.414,
        "technicalAvailability": 0.9990813045475425
      },
      "2026-05": {
        "contractualAvailability": 1.0,
        "production": 0.0,
        "technicalAvailability": 1.0
      },
      "2026-06": {
        "contractualAvailability": 1.0,
        "production": 58825.157999999996,
        "technicalAvailability": 0.9734636178108134
      }
    },
    "WTG04": {
      "2026-02": {
        "contractualAvailability": 1.0,
        "production": 1259696.699,
        "technicalAvailability": 0.9854055571147909
      },
      "2026-03": {
        "contractualAvailability": 1.0,
        "production": 1089253.5559999999,
        "technicalAvailability": 1.0
      },
      "2026-04": {
        "contractualAvailability": 1.0,
        "production": 750186.3900000001,
        "technicalAvailability": 0.9995754035998605
      },
      "2026-06": {
        "contractualAvailability": 1.0,
        "production": 68637.307,
        "technicalAvailability": 0.9848836392746915
      }
    },
    "WTG05": {
      "2026-02": {
        "contractualAvailability": 1.0,
        "production": 1256560.605,
        "technicalAvailability": 0.9733221005335579
      },
      "2026-03": {
        "contractualAvailability": 1.0,
        "production": 847450.1889999999,
        "technicalAvailability": 0.969915811265674
      },
      "2026-04": {
        "contractualAvailability": 1.0,
        "production": 623721.939,
        "technicalAvailability": 0.9995433789954338
      },
      "2026-05": {
        "contractualAvailability": 1.0,
        "production": 0.0,
        "technicalAvailability": 1.0
      },
      "2026-06": {
        "contractualAvailability": 1.0,
        "production": 70237.695,
        "technicalAvailability": 0.974309831404321
      }
    },
    "WTG06": {
      "2026-02": {
        "contractualAvailability": 1.0,
        "production": 1297579.9,
        "technicalAvailability": 0.982239929138322
      },
      "2026-03": {
        "contractualAvailability": 1.0,
        "production": 1155354.783,
        "technicalAvailability": 0.9997255762897914
      },
      "2026-04": {
        "contractualAvailability": 1.0,
        "production": 816285.0210000001,
        "technicalAvailability": 0.9986187845303868
      },
      "2026-05": {
        "contractualAvailability": 1.0,
        "production": 0.0,
        "technicalAvailability": null
      },
      "2026-06": {
        "contractualAvailability": 1.0,
        "production": 83375.097,
        "technicalAvailability": 0.980598862337855
      }
    },
    "WTG07": {
      "2026-02": {
        "contractualAvailability": 1.0,
        "production": 1187101.252,
        "technicalAvailability": 0.984676356251499
      },
      "2026-03": {
        "contractualAvailability": 1.0,
        "production": 1052470.1320000002,
        "technicalAvailability": 0.9978070175438597
      },
      "2026-04": {
        "contractualAvailability": 1.0,
        "production": 758785.887,
        "technicalAvailability": 1.0
      },
      "2026-05": {
        "contractualAvailability": 1.0,
        "production": 0.0,
        "technicalAvailability": null
      },
      "2026-06": {
        "contractualAvailability": 1.0,
        "production": 66066.06599999999,
        "technicalAvailability": 0.9746759113670384
      }
    },
    "WTG08": {
      "2026-02": {
        "contractualAvailability": 1.0,
        "production": 1289050.5180000002,
        "technicalAvailability": 0.9951840459408249
      },
      "2026-03": {
        "contractualAvailability": 1.0,
        "production": 1135690.016,
        "technicalAvailability": 0.9986301369863013
      },
      "2026-04": {
        "contractualAvailability": 1.0,
        "production": 816080.579,
        "technicalAvailability": 0.9981609195402299
      },
      "2026-05": {
        "contractualAvailability": 1.0,
        "production": 0.0,
        "technicalAvailability": null
      },
      "2026-06": {
        "contractualAvailability": 1.0,
        "production": 70791.041,
        "technicalAvailability": 0.9841341686920836
      }
    },
    "WTG09": {
      "2026-02": {
        "contractualAvailability": 1.0,
        "production": 1301600.869,
        "technicalAvailability": 0.9783927015271304
      },
      "2026-03": {
        "contractualAvailability": 1.0,
        "production": 1140897.219,
        "technicalAvailability": 0.9885026006022447
      },
      "2026-04": {
        "contractualAvailability": 1.0,
        "production": 827701.7140000002,
        "technicalAvailability": 0.9930715935334873
      },
      "2026-05": {
        "contractualAvailability": 1.0,
        "production": 0.0,
        "technicalAvailability": null
      }
    },
    "WTG10": {
      "2026-02": {
        "contractualAvailability": 1.0,
        "production": 1356588.505,
        "technicalAvailability": 0.9778313316681465
      },
      "2026-03": {
        "contractualAvailability": 1.0,
        "production": 1216071.9070000001,
        "technicalAvailability": 0.9994537011745425
      },
      "2026-04": {
        "contractualAvailability": 1.0,
        "production": 859987.2299999999,
        "technicalAvailability": 0.9995790715358195
      },
      "2026-06": {
        "contractualAvailability": 1.0,
        "production": 91970.544,
        "technicalAvailability": 0.9837108078703704
      }
    },
    "WTG11": {
      "2026-02": {
        "contractualAvailability": 1.0,
        "production": 1140033.14,
        "technicalAvailability": 0.986814798311805
      },
      "2026-03": {
        "contractualAvailability": 1.0,
        "production": 995839.637,
        "technicalAvailability": 0.9989127480293558
      },
      "2026-04": {
        "contractualAvailability": 1.0,
        "production": 692386.3909999998,
        "technicalAvailability": 0.9917165209387943
      },
      "2026-05": {
        "contractualAvailability": 1.0,
        "production": 0.0,
        "technicalAvailability": 1.0
      },