{
  "code": "COLE",
  "months": {
    "2026-02": {
      "availability": {
        "contractual": 1.0,
        "pba": 0.27238944885546823,
        "technical": 0.9944104338568006
      },
      "consumption": {
        "actual": 0.0,
        "ratioToProduction": 0.0
      },
      "downtime": {
        "bat": 0.0,
        "environmental": 0.0,
        "manufacturer": 0.7277210725649174,
        "owner": 0.0,
        "utility": 0.0
      },
      "production": {
        "actual": 8095.9565,
        "capacityFactor": 0.017317247616594717,
        "electricalLosses": -0.7907134355279701,
        "historical": null,
        "p50Target": 12127.14,
        "p90Target": 10747.21
      },
      "wind": {
        "deviation": -0.2033455919910101,
        "forecastedWS": 7.53,
        "measuredWS": 5.998807692307694,
        "windIndex": 0.982
      }
    },
    "2026-03": {
      "availability": {
        "contractual": 1.0,
        "pba": 0.0,
        "technical": null
      },
      "consumption": {
        "actual": 27.72123,
        "ratioToProduction": 0.0007528364635522312
      },
      "downtime": {
        "bat": 0.0,
        "environmental": 0.0,
        "manufacturer": 0.9999999999999998,
        "owner": 0.0,
        "utility": 0.0
      },
      "production": {
        "actual": 36822.37955,
        "capacityFactor": 0.0,
        "electricalLosses": -1.0,
        "historical": null,
        "p50Target": 47589.84,
        "p90Target": 42174.67
      },
      "wind": {
        "deviation": -1.0,
        "forecastedWS": 7.47,
        "measuredWS": null,
        "windIndex": 0.924
      }
    },
    "2026-04": {
      "availability": {
        "contractual": 1.0,
        "pba": 0.3263689549558252,
        "technical": 1.0
      },
      "consumption": {
        "actual": 9.26679,
        "ratioToProduction": 0.0002084275415625626
      },
      "downtime": {
        "bat": 0.0,
        "environmental": 0.0,
        "manufacturer": 0.673416989796666,
        "owner": 0.0,
        "utility": 0.0
      },
      "production": {
        "actual": 44460.486990000005,
        "capacityFactor": 0.0,
        "electricalLosses": -1.0,
        "historical": null,
        "p50Target": 47589.84,
        "p90Target": 42174.67
      },
      "wind": {
        "deviation": -1.0,
        "forecastedWS": 7.52,
        "measuredWS": null,
        "windIndex": 1.037
      }
    },
    "2026-05": {
      "availability": {
        "contractual": 1.0,
        "pba": 0.9626638052300703,
        "technical": 1.0
      },
      "consumption": {
        "actual": 12.06994,
        "ratioToProduction": 0.0003598942999832836
      },
      "downtime": {
        "bat": 0.0,
        "environmental": 0.0,
        "manufacturer": 0.03733616274400996,
        "owner": 0.0,
        "utility": 0.0
      },
      "production": {
        "actual": 33537.458083,
        "capacityFactor": 0.0,
        "electricalLosses": -1.0,
        "historical": null,
        "p50Target": 55950.22,
        "p90Target": 49583.74
      },
      "wind": {
        "deviation": -1.0,
        "forecastedWS": 8.05,
        "measuredWS": null,
        "windIndex": 1.085
      }
    },
    "2026-06": {
      "availability": {
        "contractual": 0.9992062242839794,
        "pba": 0.9954583282993436,
        "technical": 0.9918364920910494
      },
      "consumption": {
        "actual": 28.83891,
        "ratioToProduction": 0.0008068815241775225
      },
      "downtime": {
        "bat": 0.0,
        "environmental": 0.00677407412372156,
        "manufacturer": 0.004758743016619896,
        "owner": 0.0,
        "utility": 0.16945360780631522
      },
      "production": {
        "actual": 35741.195127,
        "capacityFactor": 0.06356161833218868,
        "electricalLosses": -0.8135683054435315,
        "historical": null,
        "p50Target": 60451.96,
        "p90Target": 53573.23
      },
      "wind": {
        "deviation": 0.054141898086534565,
        "forecastedWS": 8.67,
        "measuredWS": 9.139410256410255,
        "windIndex": 0.904
      }
    },
    "2026-07": {
      "availability": {
        "contractual": 0.999099066828654,
        "pba": 0.9979098285191574,
        "technical": 0.9735757823350695
      },
      "consumption": {
        "actual": null,
        "ratioToProduction": null
      },
      "downtime": {
        "bat": 0.0,
        "environmental": 0.025039321658549777,
        "manufacturer": 0.0023429197037037877,
        "owner": 0.0006421409023718853,
        "utility": 0.2684754549915542
      },
      "production": {
        "actual": 13876.183550999998,
        "capacityFactor": 0.24818608972570405,
        "electricalLosses": null,
        "historical": null,
        "p50Target": 62381.28,
        "p90Target": 55283.02
      },
      "wind": {
        "deviation": -0.089279281324736,
        "forecastedWS": 8.47,
        "measuredWS": 7.713804487179487,
        "windIndex": null
      }
    }
  },
  "mwInstalled": 145.6,
  "name": "Coleskop"
}