{
  "code": "SANK",
  "months": {
    "2025-12": {
      "availability": {
        "contractual": 0.989855496489378,
        "pba": 0.9787990185397871,
        "technical": 0.9278176074233636
      },
      "consumption": {
        "actual": 0.0,
        "ratioToProduction": 0.0
      },
      "downtime": {
        "bat": 0.0,
        "environmental": 0.010464771846489796,
        "manufacturer": 0.015319456347632768,
        "owner": 0.001078373055202834,
        "utility": 0.0031896929392989867
      },
      "production": {
        "actual": 35374.31042,
        "capacityFactor": 0.331031781892503,
        "electricalLosses": 0.013715342920881763,
        "historical": null,
        "p50Target": 33802.99,
        "p90Target": 30172.61
      },
      "wind": {
        "deviation": -0.01601956495321394,
        "forecastedWS": 8.44,
        "measuredWS": 8.304794871794874,
        "windIndex": 0.958
      }
    },
    "2026-01": {
      "availability": {
        "contractual": 0.9983005554233083,
        "pba": 0.9892115938967646,
        "technical": 0.9632342781157018
      },
      "consumption": {
        "actual": 27.589380000000002,
        "ratioToProduction": 0.0005614661623532238
      },
      "downtime": {
        "bat": 0.0,
        "environmental": 0.0016241094619205397,
        "manufacturer": 0.011007184795324953,
        "owner": 4.1603003504676084e-05,
        "utility": 0.0001717147749193433
      },
      "production": {
        "actual": 49138.09923,
        "capacityFactor": 0.4586222939375809,
        "electricalLosses": 0.011046475962760807,
        "historical": null,
        "p50Target": 45587.33,
        "p90Target": 40691.34
      },
      "wind": {
        "deviation": -0.006923961266926434,
        "forecastedWS": 8.05,
        "measuredWS": 7.994262111801243,
        "windIndex": 1.053
      }
    },
    "2026-02": {
      "availability": {
        "contractual": 0.9839256205022282,
        "pba": 0.9684473886195043,
        "technical": 0.9040321207597062
      },
      "consumption": {
        "actual": 26.15,
        "ratioToProduction": 0.0007113050478959566
      },
      "downtime": {
        "bat": 0.0,
        "environmental": 0.0106435352118927,
        "manufacturer": 0.029386184280121477,
        "owner": 0.0006863968284838778,
        "utility": 0.00306089133049034
      },
      "production": {
        "actual": 36763.41125,
        "capacityFactor": 0.3731789059127259,
        "electricalLosses": -0.006810927345595137,
        "historical": null,
        "p50Target": 39426.88,
        "p90Target": 35192.51
      },
      "wind": {
        "deviation": -0.05864913596115463,
        "forecastedWS": 7.78,
        "measuredWS": 7.323709722222217,
        "windIndex": 1.037
      }
    },
    "2026-03": {
      "availability": {
        "contractual": 0.9955533133777357,
        "pba": 0.9884415423811664,
        "technical": 0.8971442048542294
      },
      "consumption": {
        "actual": 33.62,
        "ratioToProduction": 0.0009456545959712748
      },
      "downtime": {
        "bat": 0.0,
        "environmental": 0.009497992121488016,
        "manufacturer": 0.013750111377090594,
        "owner": 0.0016307262577160738,
        "utility": 0.003563411551301273
      },
      "production": {
        "actual": 35552.09285,
        "capacityFactor": 0.33297467785322893,
        "electricalLosses": 0.014566098687492817,
        "historical": null,
        "p50Target": 43739.2,
        "p90Target": 39041.69
      },
      "wind": {
        "deviation": -0.14138567343905434,
        "forecastedWS": 7.88,
        "measuredWS": 6.765880893300252,
        "windIndex": 0.871
      }
    },
    "2026-04": {
      "availability": {
        "contractual": 0.9723332851933446,
        "pba": 0.9610740661461711,
        "technical": 0.9211012282466762
      },
      "consumption": {
        "actual": 16.378,
        "ratioToProduction": 0.00034882913424473305
      },
      "downtime": {
        "bat": 0.0,
        "environmental": 0.00552914267323749,
        "manufacturer": 0.05242073357227557,
        "owner": 0.001591434517243344,
        "utility": 0.003950718968569162
      },
      "production": {
        "actual": 46951.353520000004,
        "capacityFactor": 0.45495386024305584,
        "electricalLosses": 0.01581146231883978,
        "historical": null,
        "p50Target": 44355.24,
        "p90Target": 39591.58
      },
      "wind": {
        "deviation": 0.01984157288100572,
        "forecastedWS": 8.09,
        "measuredWS": 8.250518324607336,
        "windIndex": 1.0390000000000001
      }
    },
    "2026-05": {
      "availability": {
        "contractual": 0.946287171469667,
        "pba": 0.9098107929433528,
        "technical": 0.8851227210705588
      },
      "consumption": {
        "actual": 16.3776,
        "ratioToProduction": 0.0005241871180413383
      },
      "downtime": {
        "bat": 0.0,
        "environmental": 0.03925746800484852,
        "manufacturer": 0.3132628105273497,
        "owner": 0.02778004063858716,
        "utility": 0.0021628581661099423
      },
      "production": {
        "actual": 31243.804809999998,
        "capacityFactor": 0.29032439099794766,
        "electricalLosses": 0.00659302861007941,
        "historical": null,
        "p50Target": 53595.92,
        "p90Target": 47839.82
      },
      "wind": {
        "deviation": -0.044076949235162415,
        "forecastedWS": 8.91,
        "measuredWS": 8.517274382314703,
        "windIndex": 1.051
      }
    },
    "2026-06": {
      "availability": {
        "contractual": 0.988480996743961,
        "pba": 0.982552825482416,
        "technical": 0.9044616310986467
      },
      "consumption": {
        "actual": 41.52,
        "ratioToProduction": 0.0011187073999027644
      },
      "downtime": {
        "bat": 0.0,
        "environmental": 0.0049257980544143275,
        "manufacturer": 0.08512240020988021,
        "owner": 0.0022589461997823803,
        "utility": 0.10297164045128099
      },
      "production": {
        "actual": 37114.262409999996,
        "capacityFactor": 0.35707747073412704,
        "electricalLosses": 0.008591926157047266,
        "historical": null,
        "p50Target": 59140.32,
        "p90Target": 52788.77
      },
      "wind": {
        "deviation": -0.20263536375613347,
        "forecastedWS": 9.63,
        "measuredWS": 7.678621447028435,
        "windIndex": 0.8420000000000001
      }
    }
  },
  "mwInstalled": 145.6,
  "name": "San Kraal"
}